id;login;password;name
1;ridiculus.mus.donec@aol.couk;00007254796F94228146C44B0C7B654A05E2D98A;Rylee Simmons
2;faucibus.ut.nulla@google.com;000074B9807003D0D5B9BE39CEF6CAC8C1EE76EE;Griffith Good
3;mauris.magna@yahoo.com;000077B0245B62A4140F8D583A457177EF181AE9;William Browning
4;vitae.dolor@hotmail.edu;000077C353D993A549B4364FB1C7ABBB023FBE78;Odessa Bauer
5;vulputate.risus@outlook.net;000077DE5BB7E7B5724DA62EE2B1280105D7160C;Thor Barnes
6;urna@outlook.couk;000079725FD06AEB316689838CD7B6DB192FD71E;Karina Pickett
7;sit.amet.orci@protonmail.com;000079ADE18764F8560B18855C59E20263CFA98B;Illiana Mcpherson
8;vestibulum@protonmail.net;000079D70579D382541534D3970F73A3B4804D83;Reece Spears
9;metus.urna@google.couk;00007D5D0FAE4266509D91D8FB2AFA19361FE58A;Kenneth Vargas
10;aliquam@hotmail.edu;00007ECB4BD2ECA31EB604BB039E0A6283550FA7;Macaulay Montoya
11;eros.turpis@google.couk;000080368073A8F3483DAAD9AA6D4B1A20EBE58C;Cheryl Gill
12;molestie@google.edu;00008052698AA6E28119D3E60A8CEB2C2B1293CE;Aristotle Mcdaniel
13;ut@hotmail.couk;000085BCF1FEA784B45C7CA61D19ADBE10E31001;Faith Hull
14;elit@outlook.org;000086470F282645EB0820448591B8124F69EC44;Candice Valencia
15;tellus.faucibus@outlook.ca;000088F01B9BE08FBB335C34183BD09DB37356EF;Angelica Hurst
16;massa.rutrum@yahoo.org;0000893FDD1B54F73F99A4D516CAAFF86644A98F;Mary Adams
17;urna@hotmail.couk;00008AFD94787982B85C68D1BF71034AC66B1C74;Jenna Walker
18;quisque.nonummy@hotmail.ca;00008C6BD63929A13B57666402CFF8522EECD870;Chaim Carroll
19;vel@google.net;00008D2AAED4AFAE0C434F380BA33E5BF79E2FEC;Nola Gaines
20;mauris.vestibulum.neque@protonmail.org;00008EDE2E5BA724EFFA0799BD38D0FE65C037B9;Garrison Calderon
21;at@protonmail.couk;00008FAE806B42A8D2698F8FB7D326508691C000;Jolene Wheeler
22;mus.aenean.eget@protonmail.ca;0000903CFEDC4E4EF62D8B74CFB48DC28E9584F9;Clark Miles
23;pellentesque.ut@protonmail.edu;0000922B29971F4E5F4CCF7295BEB153067B612A;Maggie Gilbert
24;felis.purus@google.com;0000928E3A4C74CCD0EDC4CBCA86543AA2D32AC9;Grace Garza
25;ultrices.mauris@google.com;000092C0AAC4418370CEC5FEE226A5F0CD53505F;Macy Graves
26;elit@outlook.com;000093A1AAEEAA0B6C699FF41EC4F1CFD8C47670;Dorothy Smith
27;rutrum.lorem.ac@protonmail.com;00009419D34AD747B25131052A8DFC2927458C12;Hilel Hunt
28;euismod@icloud.edu;000094AF653D9728D7CD61BFC24BCBAE92880385;Sawyer Molina
29;arcu.imperdiet@hotmail.com;000096116AC7798D0FBFD9B7D109A8CC1712D64C;Pearl Barrera
30;vulputate.lacus.cras@google.couk;0000966E98654F2FF2BC57BACD5828EBA48BC50E;Oleg Dunn
31;porttitor.tellus.non@hotmail.ca;000096D95F7981365BC46F3AF938F11606B9FB7F;Charity Reed
32;eu.augue@protonmail.edu;00009947027848AFE632CBB448F9750EAF27D652;Sydney Leon
33;dignissim.magna.a@protonmail.com;00009B710B9A575D74914E9EA388AE3963714455;Gretchen Rowland
34;id@icloud.edu;00009DD556E48E1BEC92526D78FF20744F21CDD7;Dale Mckenzie
35;mi.eleifend@hotmail.couk;00009E8077CDDC9B801D18DA4DEFEE2B60570727;Cassandra Henry
36;vitae.mauris@icloud.ca;00009EFB288249D436518213F37FC0E601CC5EE3;Jin Monroe
37;lacus.mauris@icloud.ca;00009F70813F7473D790148FC3628F9CB693A23E;Gretchen Blanchard
38;aenean.eget.metus@google.com;00009F8BFCEA2BEC66F108B49C1008FA5D4452EB;Chaim Mcgowan
39;quis.accumsan@aol.ca;0000A0D6AECFA8B8F412D29942AC891C88137E6B;Abbot Hart
40;metus.sit@outlook.org;0000A1496E15217C8A4F5538B0DE89BC128DDE24;Whilemina Newman
41;arcu.vel.quam@protonmail.edu;0000A231EE434B36C47E1A0F56D1914C11F0FB14;Hamish Kelly
42;ante.bibendum@icloud.ca;0000A49979176AA34CEE4941D07EEA94ECAF430A;Bradley Goff
43;nam.nulla@hotmail.ca;0000A5959349BDED2D42643CAC561620A893D30B;Zorita Lopez
44;ut@icloud.edu;0000A5FE2D80484C38F761176DA797154CFB57DB;Porter Thomas
45;a.malesuada@aol.net;0000AA293C2E4E102C32DAD59EE564346C416A8C;Graiden Mercer
46;integer.tincidunt.aliquam@icloud.net;0000AA7AA79D83B9FF6B0371294CADDA6BA648B5;Noble Farley
47;nam.nulla.magna@icloud.couk;0000AB858B172F470407EE055097E24548E2FCCF;Nasim Cameron
48;erat.semper@yahoo.couk;0000ACD6FD60D46046EE420B88C6E9C40A14B69E;Jasper Myers
49;pulvinar.arcu@protonmail.net;0000AD4D16982B242D3208810894A19EC1C0A1EE;Lunea Gentry
50;massa.rutrum.magna@aol.couk;0000B09FAF662C582AFEC4CE710CBBB1675D29C5;MacKensie Ramsey
51;turpis.egestas.aliquam@protonmail.com;0000B2C6D97E283FDBADDEA8155D6C7D5FA3AA31;Drew Glenn
52;nunc.nulla@aol.org;0000B41BC26370FEC7C18B357B06ECA36DBA4C83;Raphael Everett
53;sit.amet@protonmail.edu;0000B49A3C601D17E54AF1637CB905206E91763D;Oprah Ashley
54;felis@yahoo.com;0000B49DE139DEC9A3E48DBF97F92DA8DF496031;Jacqueline Sellers
55;ac.turpis@protonmail.couk;0000B4C0B2A60ED6869B1FE4F2DFAFC3BE1E36EA;Phyllis Mcfadden
56;nec.cursus.a@hotmail.edu;0000B6222E1C14363F29B182D1171EC1A492BD2D;Cassandra Terrell
57;felis.adipiscing@aol.net;0000B63B87369255EE8CE0F74CA8D69D4FB270D6;Skyler Mcfadden
58;nec.eleifend.non{@}yahoo.org;0000BB400A7D5C880899BFFA53BF35650D8EF9FF;Allen Walter
59;hendrerit.donec{@}google.com;0000BC71ED336ED93A4522FEA24FA2DB068B30F2;Allegra Peck
60;mauris.sapien{@}yahoo.edu;0000BD1FAC3C8129760C28198B0A5E31C107DF92;Faith Kidd
61;nibh.sit{@}protonmail.ca;0000BF2731123112E2C3AED15B19646EA6380025;Damon Dodson
62;eu{@}icloud.ca;0000C04EADD50E20D3C5D040E12344432E79B79C;Jarrod Houston
63;tincidunt.neque.vitae{@}hotmail.edu;0000C2E4A50668D70550B2A5D7E3D0B91FC3DEF3;Thomas Holmes
64;gravida{@}aol.edu;0000C36A598B9951CBD1E610C4717AFBB561D338;Iola Case
65;malesuada.fringilla.est{@}protonmail.ca;0000C7C97D6822CEEF17307467FE5F8633A8DAFE;Robert Galloway
66;augue.id{@}protonmail.net;0000C8570F6E76805BDF901ED1A58DF693EABE3F;Damon Cain
67;egestas.urna{@}icloud.net;0000C869D03DD3898E7DBAE9F597E554A4270262;Kirsten James
68;tortor.integer.aliquam{@}yahoo.couk;0000C8CDAD4F6F4218B36A9D61EBDAEA1F23DDF0;Josiah Singleton
69;suscipit.nonummy{@}protonmail.couk;0000CA5475C991AE9BDF593C0D5F791E4CD4C7C2;Daquan Carroll
70;nunc.id{@}google.ca;0000CA70DD12CC52695C9CCC25ACB37280E7A3CB;Kiara Frost
71;donec.felis.orci{@}aol.org;0000CAAAE464C7FB80E8F545F8D51E99071650C4;Violet Hays
72;dictum.placerat{@}yahoo.net;0000CB709FEF40825AB418A124D68A39E7FE755D;Vernon Carney
73;sollicitudin.commodo.ipsum{@}protonmail.ca;0000CB724A24EA941B6FE306D0BC61A0248053D0;Katelyn Dotson
74;ante.dictum{@}icloud.com;0000D024883CBB0FFEF7DAB6EDFC1ED9967762A4;Jacob Harding
75;tellus.eu.augue{@}icloud.couk;0000D0B439F1B933FE46191B888026E31EEA88F2;Justin George
76;vel{@}protonmail.ca;0000D19DB493F8416FF26BD9E2DC78867CAB76DF;Mariko Delaney
77;non.justo{@}yahoo.net;0000D1A443A0380EEF83DA9BF70BBDBFE234853A;Bradley Knight
78;quisque.nonummy{@}outlook.couk;0000D2AF7940775EF336D1CF904BA9A72A730336;Flynn Acevedo
79;et.ultrices{@}icloud.ca;0000D3BF2AA02F3CC13D1021F4D3E5D4345F9BD5;Athena Bentley
80;imperdiet.ullamcorper.duis{@}icloud.net;0000D47112AE479E962F3CBDF999E1F6748ACB0B;McKenzie Jones
81;nunc.quis.arcu{@}google.ca;0000D4E2D82892B1F5DE8C05998C5245E36B8226;Candice Sloan
82;nunc{@}aol.com;0000D60C5E96C558274BDE73E05A0FE963A482A1;Heidi Pierce
83;a{@}hotmail.com;0000D6EC6CDECC0E49749F242EA294A0A8BC5EF0;Nell Castro
84;nunc.commodo.auctor{@}protonmail.ca;0000D7F274C179AF559AD9BA830C53D2E17D81D5;Serena Pacheco
85;turpis.aliquam{@}aol.net;0000D84FB3851570267F08BEB85BB60B256C139A;Alika Washington
86;torquent.per{@}icloud.org;0000D8B8CD0ABF4911C5AA709C6875A75E9D0413;Cleo Buckner
87;quis.pede{@}protonmail.ca;0000DA5FBEE6FB1817F7C9C75999B07E6420F456;Brandon Adams
88;duis.gravida{@}icloud.edu;0000DB81266DD804F1746276800C8F3AB6CC46C1;Octavius Emerson
89;nec.ante.blandit{@}outlook.edu;0000DC466B6ABCF81B77A10EE340037C8FBABFF1;Acton Odom
90;dolor.sit.amet{@}google.couk;0000DC7E0FD6E83DF570751BEC42A48C2A4F4872;Channing Christensen
91;consectetuer.euismod{@}yahoo.org;0000E066829A489E82B30918834FA1A948EAB827;Wade Waller
92;augue.sed{@}yahoo.org;0000E0A1157A53D1E932784B8E6E88BD3A3E601A;Thane Sanford
93;bibendum.ullamcorper{@}aol.couk;0000E253F1CB030E624BE288265FCFF106C6ECBD;Yasir Daniel
94;purus.nullam{@}outlook.edu;0000E2C925AD150D168E82442AF722960FBC0EFD;Wylie Duffy
95;cursus.vestibulum{@}outlook.com;0000E4E8FA536FB8512F48460005BA7AE176C4C7;Merrill Kennedy
96;morbi.neque{@}protonmail.ca;0000E72775D5365C37FB4782374C21B6166D263D;Alice Larsen
97;vitae.nibh{@}outlook.com;0000E793D09A7A4FF646E89F10D2C5BC1CC189E1;Holly Mcneil
98;massa.quisque.porttitor{@}hotmail.org;0000E8BA46649E460B7780ACF91E64FC02896C1C;Jin Lawrence
99;ornare.libero{@}icloud.org;0000E9DEAC967FBBB00393EE68F2E35C4F532C32;Josiah Tanner
100;scelerisque.lorem{@}aol.net;0000EA6655CBD7A03A51B618BA6C22F6CAFFA4C9;Gregory Riddle
101;pede.nunc{@}protonmail.com;0000EB9F83BD9731C36E6076FE7FAA1CC14C6D97;Imogene Nash
102;at.velit{@}yahoo.net;0000EBF0D7C76D6047E96FF6CBF84143350AB2A3;Samson Tillman
103;at.pede{@}icloud.com;0000EC388580BE23C16FC6D977E0B046AEAF007D;Ramona Bass
104;ipsum.suspendisse.non{@}protonmail.org;0000EC5DF52279A1FEF8F712DF7F5FB6791BC12F;Tucker Brady
105;iaculis.enim{@}outlook.edu;0000EC6D272FD2A5F24260EA9F1E68428C97EB30;Bryar Koch
106;vivamus.rhoncus.donec{@}hotmail.org;0000ED411A34B51B5923FFAAF78218389CB11F18;Yeo Rutledge
107;non.vestibulum{@}hotmail.ca;0000ED659CEEF803B98A35177DFF36A78EE12D66;Elliott Sullivan
108;vestibulum.neque{@}icloud.edu;0000ED83291FECDDF5189AF266106D8DB46E7911;Amaya Pugh
109;sed.leo.cras{@}icloud.ca;0000F0D56C7BEC3673C9EAB9BB3900E123FE7704;Myles Cobb
110;tempor.bibendum{@}icloud.net;0000F0FDC183C52037C2AD5C40F828F226AD8FB4;Kirk Walls
111;lorem.fringilla{@}icloud.edu;0000F17BEE14C5A29E0AD97635EAC5ED2E6F6629;Anika Mosley
112;in.sodales{@}hotmail.ca;0000F1CA5AF6D5AAC83AECDDDFD82DE794EEDF09;Wilma Kinney
113;quis.tristique{@}icloud.edu;0000F1E2261086A9F8C2B43867464EE5C99F6BE7;Todd Fitzpatrick
114;ultricies.ornare{@}protonmail.ca;0000F36250C496DABE42FF3D403D20A7725C4162;Daphne Bradford
115;vulputate{@}protonmail.ca;0000F3F8DCBE5BACA2EBC95204CF3B747FDBD212;Isabelle Snow
116;volutpat.nunc{@}protonmail.org;0000F53171A9FDE8EBB96284D6DEB735EFF231EB;Jin Stanton
117;mollis.dui.in{@}icloud.com;0000F5B78BA82B1860B00671570DDF32B9F98EA6;Mariko Woodard
118;enim.sed{@}yahoo.org;0000F6020AF16023DFC2A8A9C56D585D1D751C7A;Chadwick Morrison
119;adipiscing{@}hotmail.ca;0000F612775E9D738E4DCDA71BE89A9E9BB9CE7D;Ima Doyle
120;lectus{@}yahoo.net;0000FA682B2C38E4FC04406B14386725D0DD1C83;Dorian Bradley
121;ut.quam{@}google.couk;0000FA7330633A371A38A641BEEF87B93986C5C2;Bryar Mckee
122;feugiat.sed{@}hotmail.net;0000FAB2C0164DF3FD722FA5B54E2E8DBDB3D2C3;Drew Maynard
123;ultrices.mauris.ipsum{@}protonmail.ca;0000FACCF4A5786342AD43F6586390C35C868079;Lara Kidd
124;pede.cum.sociis{@}outlook.com;0000FBFE547E0F2D07F489D259D36A8A529D5229;Chester Wallace
125;sociosqu.ad{@}outlook.edu;0000FDE6B71CC2CC5BEFA575AE00F6E5384BACD4;Hilda Rogers
126;tristique.neque{@}aol.net;0000FE2EF96D43E50C69ADEE68BE6BDE8A3B2EAB;Indira Blair
127;lacus.varius{@}icloud.ca;0001093C35767234466A9023E3785F93FDB5B916;Lacy Tyson
128;et.malesuada{@}icloud.ca;00010A6366E95514C7A6D0077D7C2686743C7A39;Dana Bishop
129;cras.pellentesque.sed{@}aol.com;00010A7D4ED43EA39A47E0334B5EC2E64A46388F;Yvonne Garrett
130;ligula{@}hotmail.ca;00010AE31EE5DE8BCF345AF11A4A9790315A6083;Ryan Ashley
131;a{@}outlook.couk;00010BBA95339AFD6CE812DE2FBEC50E042B2073;Price Gray
132;mauris.id{@}yahoo.org;00010F51A1590218369FF621216205BDECD4C680;Boris O'connor
133;feugiat.metus{@}yahoo.net;00010F54F0F9C3F7494395654C47FF78C2BDDC5D;Xaviera Carpenter
134;diam.luctus{@}protonmail.couk;000111F5A616BF8F066FF4003373F9937C8E68A3;Clare Pierce
135;luctus{@}protonmail.couk;00011305BF303834E772F84F5E5DA15BB40FCDFE;Constance Atkinson
136;in.consectetuer{@}outlook.ca;000113D7951721BAF4EB187A5A31E4474A42A4FF;Denise Coleman
137;interdum.enim.non{@}protonmail.com;00011558FA2211C620863B87017002CB1FED6941;Breanna Moore
138;ultrices.posuere{@}aol.ca;0001170224196236EA1216193AF6495D26BFFCB1;Len Stark
139;facilisis{@}yahoo.com;00011C306114231E2E0EB51E2DA7E1932B596FE9;Josiah Bright
140;ac{@}icloud.edu;00012221CD70F08409B790513C55CC2C4CB7FE40;Yoshio Cohen
141;netus.et.malesuada{@}google.com;000122B08490DEFAEFF9BB9DDCE881E1CC108FFA;Leah Solis
142;dui.nec.urna{@}google.edu;000122D91D47F8E8309052978B04386724A86321;Aladdin Woods
143;tortor.integer{@}icloud.couk;0001254B02EB76B01F218225BCE27288392FE681;Stuart Sexton
144;arcu.curabitur{@}outlook.org;00012835F987A1A7BC320C0935FA5F2477193587;Ebony Jones
145;integer.sem{@}yahoo.com;0001289F470F8CAA2514FBDDB1E437238978809C;Dexter Cardenas
146;ac{@}google.couk;00012AF17836F7D750915D0AAA9F6EB1BDA24A15;Berk Mccullough
147;nisl{@}icloud.net;00012B289FFF1C33D11EDA107A6FEA0C37CCB094;Erich Cameron
148;integer{@}outlook.net;00012BC65F801863364B24B63DBC76D239FBBD77;Hu Russell
149;parturient{@}protonmail.net;00012BE64165CDFAEFD33BDB660564BEAD54E0A3;Cherokee Sykes
150;massa.suspendisse.eleifend{@}google.com;00012E060667C10C140A68A9FDD7B1498323A48D;Audra Randolph
151;mi.ac{@}yahoo.edu;00012E6167576C6FC203949A524DFB3640BCCE45;Quinn Franks
152;non.egestas.a{@}icloud.net;00012ED3E1411E174BFC540AFFFD28A744F87F2A;Orla Acosta
153;nisi.mauris.nulla{@}icloud.couk;00012F2DCFF731860352E9CCEBB87747D97F9CD8;Shoshana Chaney
154;nibh.aliquam{@}protonmail.org;00012FB21A150078D33C5108DA9E5C798223440D;Bradley Gross
155;vehicula.et.rutrum{@}yahoo.net;00012FE274471946E213BA1ECAA9C738CD557DE7;Candace Yang
156;rhoncus.id{@}protonmail.org;0001327DD467CD45940BAF22801C0C307426C50A;Carly Walker
157;in{@}protonmail.couk;0001333A5E965E8934579A20C4C85D366061E9CD;Russell Long
158;sem.magna.nec{@}aol.edu;000133C5C2734A38806BDF2553DBF1FFAEC7E70A;Howard Wilkerson
159;turpis.nulla.aliquet{@}protonmail.ca;000133ED914FA42D59679E16F23FF730EDC98D95;Talon Copeland
160;mauris{@}protonmail.ca;00013471A29FAEE9C9A75AC0EDA21EAD65304BFA;Paula Cole
161;arcu.sed.et{@}icloud.couk;000134FC9D49D7AB31C785639E8CFC1B4C3D3F36;Madonna Summers
162;velit.pellentesque.ultricies{@}google.org;0001350A14FB7E58EF44CE5C87EAEFAB1AF3C69E;Jerry Nieves
163;nisl.nulla{@}aol.com;0001352DCA9D16E9AC3966545E969BBD75890968;Rashad Olson
164;fermentum.metus{@}google.ca;0001354066A3E29B459DCCF3574F9C4E1CF6B3D8;Stella Vincent
165;tincidunt.nunc{@}icloud.com;00013588AFC7EE9879A2CF4A76FC4F837D5A94AC;Hayfa Cobb
166;augue.malesuada{@}outlook.ca;000135C651E39685201FFB799B4A68032EA846B4;Yolanda Bradford
167;posuere.vulputate.lacus{@}aol.com;000136D6D1245B5DF5656063AAE74D97783BAA97;Ulric Perez
168;aptent{@}google.edu;0001373CC5EA941AEC4E9FC1388C31B2675AEC8F;Leandra Leblanc
169;nunc.est{@}aol.net;00013749B08774BFCC67479DC3FEB97DB321A58D;Neville Dejesus
170;pede.praesent{@}outlook.com;00013D3D84CFB1953A4504369520820BEDF4D3DB;Aladdin Dale
171;fusce.feugiat{@}google.org;00013E66E841741EFA2BEA6552C33D8A635DB788;Echo Solis
172;elit{@}icloud.com;00013E9E62538C19DE1A42820EA5DCD5D6B86355;Cally Meyers
173;odio.auctor{@}hotmail.ca;00013EDC568D623A51D158596C3C6CDE7803E177;Kieran Craft
174;sed.nec.metus{@}hotmail.couk;000141C5049CB4AB47446B132EFBB5061ADDDC88;Xanthus Harrison
175;fusce.mi{@}aol.org;0001425BC7117CDB86F7A30517BE991DAE19F56E;Tarik Weaver
176;risus.nunc.ac{@}google.net;00014496E8752A4C3773ECF1C2CFD5A9330B14D2;James Kirby
177;morbi{@}yahoo.edu;000144D23C5D3B6AB3AACA50F44288694614BAD2;Keane Calhoun
178;sollicitudin.adipiscing{@}yahoo.com;000145C70956120E9EBEBD09DC7A0FA99071DEFB;Uma Lynn
179;bibendum.donec.felis{@}hotmail.org;000146D8D59429AA93769C05B15B2067571A6672;Elmo Alexander
180;id.mollis.nec{@}hotmail.edu;000148F490BDC47DFEEFE080201784FA9E77C9EB;Erasmus Emerson
181;in.lorem{@}protonmail.com;00014934C4CB6B363ECD983117E08BB299CC6631;Diana Bates
182;curabitur.egestas.nunc{@}yahoo.com;00014A0129850F18A6AF019295CA27DD691452BC;Wing Cobb
183;consequat.dolor{@}icloud.com;00014B7DE7DA7004FA11421ED6FC6560D39A91F2;Tamara Weaver
184;orci.ut.sagittis{@}icloud.com;00014C0BC464DECF1DFCE6BE2BF782777EDF84CA;Kiayada Ortega
185;leo.elementum.sem{@}google.couk;00014EB647BB9C993A2459FB6A7EA1212414BCAE;Louis Dale
186;lobortis{@}icloud.org;00014F33A966E4B2D623949863DA4914E76BE28F;Noel Christian
187;a{@}protonmail.edu;00014F35F8652D4373F16FA958D033636E56D7FE;Neville Gill
188;nullam{@}yahoo.net;00014FB6D7AEB1DFC97FC19D435B8BCEC040A047;Aristotle Dorsey
189;morbi.accumsan.laoreet{@}protonmail.com;000150E91C8CE685C2FA27BBA67826789BAFCD61;Kevyn Bullock
190;molestie.dapibus.ligula{@}outlook.couk;0001515E179BE986B87F58D01D1CEB8BD716B52D;Karen Nieves
191;sed.sem{@}hotmail.couk;000151E4651CCD68615C467F113932FF6C036407;Erasmus Suarez
192;sed.congue.elit{@}google.com;000153083699C1093719F4493D9541B0ECECF2D2;Luke Valenzuela
193;elit.a{@}yahoo.edu;0001530AB1B292952B285B5DAE7EAFA600CB210A;Hall Dodson
194;aliquam.erat{@}aol.ca;0001552BBB8982698573781DB748BE60A94E48B2;Wesley Lane
195;nulla.ante{@}outlook.net;00015786BE1FD1575082851D7F7752B93A4ECEA5;Desiree Bridges
196;fermentum.fermentum{@}outlook.edu;000159E763B9B98E378721A93037277A920646E0;Autumn Stuart
197;aliquet.metus{@}aol.com;00015B2EAEE4069DC53EEBA1DCDCE1A78A021087;Burke Hicks
198;vestibulum.mauris{@}icloud.com;00015B6409F82426F0690D278560843626E2E6ED;Dexter Johnson
199;tempor.lorem{@}hotmail.ca;00015BF9CCD84BC7BF6BF7885C570FE9BE6D2A36;Ralph Graves
200;urna.et{@}yahoo.edu;00015C83630CA28EC466F91A14609C6B6331F66A;Remedios Houston
201;libero.mauris{@}yahoo.edu;00015CC00DF63106A03EA70F2FC3822588E71DA4;Holly Luna
202;ac{@}google.com;00015E89260F328E586B7D3D4A148FC3ECDCEC75;Phelan Rojas
203;tortor.integer{@}hotmail.ca;00015F34BC2B272602C76887E10B50709629CF82;Aidan Petersen
204;a{@}yahoo.net;00015F94257E66A7EFAA46864779B6E4FF322147;Madeson Clay
205;cras{@}google.net;0001660E24AA11C29B3FF496BC24B207FFAF45D1;Damon Mckee
206;mattis.velit.justo{@}aol.edu;000166E4E752363C5E338E8DCCB92FAC244A7960;Lewis Buckner
207;eleifend.vitae.erat{@}google.ca;00016713877AB216D93CF4086295B055B2936960;Chandler Alford
208;nisl.nulla.eu{@}google.net;00016720D1AC309EB7565CF98095F8EC56610958;David Thornton
209;facilisis.non.bibendum{@}yahoo.com;00016782E70ACE2487F1341D9CDED1465D596A88;Alisa Johnson
210;at.sem{@}hotmail.com;0001681417A2402EE79E5F73555DEC71978BDB04;Isaac Mcintyre
211;magna{@}outlook.couk;00016A3763F2CF7A5143D0AEA333F312CBC7B886;Lacy Estrada
212;ligula{@}protonmail.couk;00016A38D4591072A23ED0CBFFEEDEFB3813C3FC;Brianna Irwin
213;accumsan.sed{@}aol.ca;00016C0CDD0FDA405CA07D5A5E55E19907E34B4F;Bernard Barnes
214;nullam.enim{@}yahoo.ca;00017098837F85E2207BF7AB8B4FA8606F68EB47;Cameran Roman
215;ut.odio{@}aol.couk;0001722E83937C75897E8596C99B6BFFF747BACE;Brooke Wolfe
216;dolor{@}protonmail.org;00017293C1E82FC3CBCF28DD0C700DE80B37E3B1;Jerome Wyatt
217;integer.urna{@}hotmail.net;000172CD880B5C735BAD4C57F37B18A96198068C;Akeem Pugh
218;ante.lectus.convallis{@}yahoo.edu;00017322050FB02D143F658D44F0596961EEC375;Rylee Fuentes
219;velit.eu.sem{@}protonmail.ca;0001748BF6F39D2278DA0A330832D64445A95CC8;Jonah House
220;curae.donec.tincidunt{@}protonmail.ca;000174CCBB033FBD8E17C3892D9379F7471B3672;Mollie Perry
221;sit{@}google.couk;0001759E8BC5F4DD837C478F73B1CE6BC8CC6DFA;Quamar Thompson
222;elit.sed{@}protonmail.net;000179A9E7130222589102ECB5BEC4C3B7F7AE12;Todd Atkinson
223;dapibus.quam.quis{@}hotmail.net;000179D66F60D658A11ADB796FA063B991110383;Unity Saunders
224;nisi.mauris{@}icloud.com;00017A84AAB76A176A9DE264EA78B586561B2AAC;Garth Boyer
225;duis.cursus{@}protonmail.edu;00017B3BAD90F642582B0F991E36D96451510C3A;Kasper Baird
226;dolor{@}yahoo.org;00017B81EAB05703551244343D51EADEDF0F55B5;Leigh Kirk
227;metus.eu.erat{@}hotmail.edu;00017C2AAD1198516207ED3C3DEB855EC1BBF390;Zephania Vang
228;molestie.pharetra.nibh{@}outlook.couk;00017D5B77D32CB75E521F75C665AF3AE07755A8;Nevada Tyson
229;dui.suspendisse{@}aol.couk;00017DC5750574999100AB917A6AE134D7D352FB;Debra Huffman
230;malesuada.vel.venenatis{@}protonmail.couk;0001812BCC58F074FF4AA641DB611C8CD0F9228B;Elijah Harrington
231;faucibus{@}aol.org;000182CA8FE5A2F5189FB2F77A5E95D9F1108E88;Alexander Simmons
232;enim{@}aol.edu;000182E3BF135CE5451D957DDAE7DB9EF4FCBE22;Sonia Mays
233;libero{@}icloud.ca;0001830F27352025B790135ABC9670FC98083CFE;Amena Lamb
234;adipiscing.elit{@}icloud.couk;000184C118A242E0F00BAB9AFCEEC1D635D65AE0;Iris Gross
235;urna{@}outlook.couk;000184E1FB4119D4B59F8443A32B0D954DE9A7FA;Maisie Dean
236;sem{@}google.org;0001876EE7634BCF7903E1D85D6627663A23FDD0;Ursula Long
237;aliquam.ornare.libero{@}protonmail.org;000187D10286E608A44FD87DC3B4F87605169324;Karyn Gould
238;felis{@}outlook.couk;000189385EA54E1514AD5724CAA9DF1BCBC9D466;Ryan Mckinney
239;ultrices.duis{@}icloud.edu;000189BB098089E7B02251A3FA7E1433A935255E;Lisandra Collins
240;sem.mollis.dui{@}icloud.edu;00018BF57690653CD8B1B2DF37A691942D6A06D0;Hammett Hayden
241;quam.vel{@}protonmail.com;00018C09F18595DBC2A100A8FA13EFED3DF0B21F;Edan Wolfe
242;eros.proin{@}icloud.ca;00018DBB50573B97E8A42EA7EA0B669B9FAC9135;Ulysses Craft
243;vehicula.pellentesque{@}yahoo.couk;00018F1C1FC487A47356D5C109045BF2EFC22FA4;Remedios Doyle
244;ultrices.a{@}icloud.couk;00019066187D94C15AC0878061DB016D90277CD5;Shay Higgins
245;nam.ac{@}outlook.couk;0001929D9F0FCADC89C719060513D2EB39683711;Jennifer Irwin
246;nec.cursus.a{@}protonmail.com;000192A71A62C99405733C68AFF8F29FF1F7FF79;Hilel Cline
247;placerat.cras{@}google.couk;000194D57A79F2C152B62D35EC47D0A10F4994BF;Phyllis Hicks
248;aenean.euismod{@}outlook.com;00019574274FD9773FDC673E5DCFBEDD415866C0;Baxter Mckinney
249;nunc.sed.libero{@}aol.edu;00019724A73FF5B0304F0907211AC3F469C61365;Meredith Boyd
250;non.hendrerit.id{@}aol.ca;000197E75848B8BCF922A9C3249AD5A455AC4F09;Ivan Yang
251;elit.nulla{@}outlook.net;000197EA930F4C418CBDF66F435246516DE496CF;Plato Mccall
252;in.lorem{@}yahoo.couk;000198828EFECF67CB836AFD2ADAB927BEAFBF56;Gray Farley
253;ligula{@}protonmail.org;000198942D08CAD9EC85063F8A53BC3A38E9F342;Ross Matthews
254;morbi.tristique{@}google.edu;00019A990FDEA9106D74E210F899A0B098D50C05;Lionel Brock
255;quis{@}hotmail.org;00019E72342428DEDB09C562E85F3D2757063B6B;Perry Mccall
256;eu.tellus{@}outlook.net;0001A04230311761119AEB34B57967F9BE8561CA;Avram House
257;ipsum.phasellus{@}aol.couk;0001A4D183076C110495AD570D350E92F3148411;Hermione Smith
258;tincidunt.aliquam{@}aol.net;0001A59DDAAC1C17F0E7E9588320A8813E3374E2;Karly Hopper
259;lacus.mauris{@}outlook.couk;0001A7E601C2CA050E31FFE56452AA2937873925;Brynne Atkinson
260;ut.quam{@}google.com;0001A95277C42E57A0A96C303039690527720612;Erasmus Herman
261;nonummy.ac.feugiat{@}hotmail.com;0001A9AB7724C41915ECC4118A8F25C6B544D47E;Plato Malone
262;magna.sed{@}yahoo.edu;0001AAC29F1721B60C9F642070FCA983E9EAC98A;Ava Hardin
263;libero{@}google.couk;0001AAE51B11980041818B00A9C4E84E837A8EA6;Isadora Woodward
264;odio.etiam.ligula/yahoo.org;0001AC602505CA96DEEBC1DC21CCFD9A2D5F24A1;Ivor French
265;interdum.ligula.eu/hotmail.com;0001ACE5599D00D6B81DFEF4A1D619E1A433D74C;Garth Odom
266;diam.duis.mi/aol.ca;0001B05644238F34F958B258C72533DD3D2B242E;Ulla Carroll
267;ridiculus.mus.proin/hotmail.couk;0001B081B367BE210732DE8636777069ADC4F5A5;Joseph Campbell
268;placerat.eget/aol.org;0001B0CFDDBCCD2765FB358A086D3727FE8A0658;Sean Olson
269;dictum.magna.ut/yahoo.ca;0001B3B81A11BBB9B018CB5C370E72B0EA74619C;Ferris Valencia
270;iaculis/hotmail.net;0001B43D2C2C7F35DD37EFB2E09BC67DA80C3FD7;Asher Salas
271;donec/hotmail.ca;0001B64F6816B81D805EB3806BB9AF861822A3D6;Hayes Nieves
272;in.at/yahoo.com;0001B70B4327294C03E386C50BB233AEBEE11083;Darrel Guerrero
273;ultrices.mauris/yahoo.ca;0001B76462DE6114547E306C826668AE52854670;Hammett Vang
274;feugiat.tellus/icloud.com;0001BB15F0C8851885C2BA0C9EA76FEFA8C65E5E;Shay Holmes
275;vitae.velit/icloud.org;0001BB19820B5ADD022EC63C7787182E1188C652;Upton Leonard
276;ac.orci/aol.org;0001BD1BA5D8C34C930A90EFA7DAB62D7CB7B442;Vance Bishop
277;ac.sem.ut/aol.com;0001BE5850B0CA5B716485C8684B4CAD381B3391;Indigo Perkins
278;ipsum.porta/outlook.org;0001BE8EE69804BBA0B8F5E1EB1B43FDCA6AB2F1;Richard Little
279;luctus.curabitur.egestas/google.net;0001C3ACB325A9F01CE6FA961ACDD32945462D89;Burton Golden
280;nisi.mauris.nulla/google.ca;0001C42EE84C2C95D0C5262E6E7B9E3B4FA9258C;Wendy Barnett
281;sit.amet/google.edu;0001C507A5538BE87362CD1A3FC1A71547248DE8;Prescott Morse
282;in.at/protonmail.ca;0001C61DDD4065976E75A915D83C3573B92F5EE7;Jeanette Vang
283;cursus.et.eros/protonmail.couk;0001C82D8FDB03C58AC13E34FC5F617BD49E3DE8;Willow Hill
284;id.ante/yahoo.couk;0001C92DF89C3487E189E35D0CEFB1100EAC49CA;Harlan Hamilton
285;vestibulum.ante/icloud.couk;0001C94BFB0494B374A3814B02A30849735E91A2;Kieran Horn
286;magna/aol.couk;0001C9B0328E5F5E9848E4884F8DBF7EE78E301F;Brennan Romero
287;phasellus/google.com;0001CA7D335B88DD33E8F6D54A1C0B07111F2E10;Callie Vega
288;odio.semper.cursus/yahoo.ca;0001CB71E235C1CA6793EBA45343A04BB08E64B0;Clayton Banks
289;egestas.hendrerit.neque/google.edu;0001D012ECE2B27E73242524D1C8C73B00970CBA;Daria Gibbs
290;mauris/protonmail.org;0001D10248DB2905EF641F2670424ED5C7072B44;Lee Morris
291;nec/hotmail.ca;0001D17F4134D32A42AD7F413CC87808BE2A2CC5;Yvonne Finch
292;aenean.sed/hotmail.ca;0001D43EE0C737ED9CB7E227DE15DCA15E531088;Odysseus Smith
293;ac.fermentum/yahoo.net;0001D4F38E1827A0AA1D661C7BC2791701FA1B74;Zia James
294;vel.faucibus/protonmail.org;0001D56D5DD257B657E35EC6B695EA5F5EF51550;Neve Gill
295;odio.etiam.ligula/icloud.couk;0001D6786163FFC1ECAE826B7C3E8DA3F36DD219;Branden Patrick
296;et/aol.net;0001D78D7D27CE642480DA40B88A44357CE147A3;Sopoline Quinn
297;etiam.imperdiet/aol.org;0001D81233191D94C6FBFEBC420E1CF3E0E4B809;Ariel Holland
298;aliquam/yahoo.edu;0001DAF61CB9F09263DC6EAADEA69A694350958B;Amal Guy
299;vivamus.nibh/protonmail.net;0001DB4375C4ED52BB89552FD367990CAD90511C;Erich Clemons
300;libero.est.congue/outlook.net;0001DB709A1476AC7B2B8B95EC489B31AF2480B8;Megan Duffy
301;egestas/google.net;0001DBAFEDB558A927EEAA6E87702EE844F5227B;Amal Rowe
302;ligula.eu/yahoo.couk;0001DF1D5CEB9EDE9F503BD0B9A0A373E92C2DEA;Bruce Lamb
303;urna/icloud.com;0001E001AC2BAA5969FAB8456B720E77F53BABBE;Brennan Pittman
304;erat/yahoo.couk;0001E00BC046282D4055361629D1C143FC48D3F0;Adam Huffman
305;faucibus.morbi/outlook.couk;0001E079B7549D4159FB028B249FB3520F3D52B2;Keith Wood
306;non.egestas/outlook.net;0001E0D99426342B9F9E56796BDB590DA58F52DB;Micah Lowery
307;nec.tellus/outlook.edu;0001E0DDC64307AB9A0F913E43A1CC710B7CF4CB;Evan Lindsay
308;id.magna/google.org;0001E226E2E71E3151C662754C1D62C6389285AB;Kevyn Baxter
309;tempus.eu.ligula/protonmail.ca;0001E3F405F310CD2320A4EA7783704BAA61FAB3;Yoko Kirkland
310;ipsum.dolor/aol.couk;0001E515116B39CFC44D8B28E357F2CF1DE8BA59;Merrill Barrera
311;feugiat/yahoo.ca;0001E57EF0FBF2DCF631CBFEFDD62AF137DD7BA1;Ivy Cooke
312;pede.cum/protonmail.org;0001E8D25C4AE22603D2023169B74DE802BC2F1C;Samson Hopkins
313;neque.et/hotmail.org;0001ED768BB0DE3371D82C57C989D9E266818C21;Ray Patton
314;sem.nulla.interdum/protonmail.org;0001EEB24B2A533ABF6545E4D245FFA01607C661;Iliana Simpson
315;tincidunt.vehicula/aol.org;0001F1452F22BF7DF66F05CAFF76DB406A46334D;Jamal Bryant
316;enim.sit/protonmail.couk;0001F1E227F1B7144F92F4B2D4032CF2A2B69485;Grant Evans
317;aenean/hotmail.org;0001F288010066CA484BE27652025CB3C327D6E6;Levi Mendoza
318;facilisis.magna/aol.couk;0001F431106CCB4114469AB520E6E42EC1AEEA55;Ursula Waters
319;a.felis.ullamcorper/hotmail.edu;0001F6032F197B4668BFE04B863AF71A8C8B01C0;Thaddeus Monroe
320;sit.amet/protonmail.org;0001F6F5E0D5D3DC237F4945A4230734FD14E8BF;Wynne Clayton
321;leo.morbi.neque/outlook.ca;0001F8CFFFA93D48430B3101E2A1C8604DF6A84D;Georgia Sims
322;id.blandit/google.ca;0001F9AB425B6987F799B029E2C98D635EC8751C;Keaton Hendricks
323;aliquam.erat/outlook.net;0001F9BFFED6FD72E700B0BCB6347EF2AFD6E61E;Irene Rocha
324;nulla.magna.malesuada/protonmail.couk;0001FA0D9258F541D7C5412E82A69BCD26B7D35E;Allistair Newton
325;aliquet.nec.imperdiet/yahoo.ca;0001FBA4F69F2A0ECC43831AA02E577053313832;Peter Acosta
326;ad.litora.torquent/protonmail.edu;0001FC99C1C1614C24AB406E7DA86C2B254769E6;Alfreda Benjamin
327;imperdiet/outlook.net;0001FEBA3F12501C70B442A91A5D7B4527EA5861;Eliana King
328;sem.magna/hotmail.org;0001FED383F0E8435C23ED6C81C6E093FF4EEB04;Aline Knox
329;non/google.couk;0001FFD4FCC87E910C9A3E94AE6492BB65ADF5C4;Cara Guzman
330;malesuada.id/hotmail.org;0002023859E53D3F088D8A798AB8F8C9F3E741B6;Noel Cummings
331;ante.lectus/protonmail.org;000202F6B06AB2DA4A465F98C544E91C170FF54E;Nissim Lowe
332;ut.pharetra.sed/aol.edu;00020379BF23A8DE6E9523327D4D651FD34AF481;Emi Elliott
333;posuere/icloud.org;0002045BB7388F11B284E445C8C15046F2BD3180;Darryl Ruiz
334;donec.elementum.lorem/aol.edu;000204F9179AE94112F4CF321BD1FF34FD41416D;Willow Warren
335;aenean.sed/icloud.edu;00020558FF2BB6E72126CB6E5F3EADA435C4DA9A;Zahir Wood
336;fringilla/aol.ca;000206A672C3B9A397F9A57BDBA1C7E8BDF6985E;Preston Mckenzie
337;mollis/hotmail.couk;0002073917E76F8E395FCFA186F50509860BF010;Denise Bond
338;lorem.ipsum.sodales/google.net;000207412BC8B29FD18A2D6DA9D1C956A4D511D6;Oliver Holcomb
339;aliquam/hotmail.ca;000207E528FBEEF6CB442735159D0A7B105AFEAB;Darryl Burgess
340;id.risus/icloud.org;00020A99AC214ED4A2B067908C9DFF3FCEFDCE36;Penelope Jacobson
341;sed.nulla/icloud.couk;00020BA028138495CA28E6DC75BF90BAF138E23D;Dolan Giles
342;magna.suspendisse.tristique/google.couk;00020FB75477C7FC67FD8E24007427CC39F1901A;Elvis Conway
343;accumsan.interdum.libero/protonmail.com;0002101853DF92B7BD288E9EACBCC1014C18E076;Adam Dickson
344;morbi.vehicula/outlook.net;0002113C5BDB7B1999778940A8ADAAE09A9AB11B;Shelly Ball
345;risus.morbi/hotmail.couk;0002115A09A7E3F7A712D7F3A193A55B6ADC026A;Britanni Contreras
346;ullamcorper.nisl/icloud.couk;0002115A4D14697A54767F8133434B6A007677EB;Nash Delaney
347;est.ac/google.edu;00021167F8459A69E44695E5CDBD7250BD269993;Kiara Rice
348;orci.quis/outlook.net;00021175D19A8DC04D031622CDB3A03D6753E11C;Jayme George
349;ligula.aliquam.erat/aol.edu;0002125CB74A01652A99E3E53FCA1EF9EA501877;Clayton Woods
350;erat.nonummy/aol.net;0002136B4FD686D85A080522AFD5E103E2BA1E17;Abigail Whitley
351;non.nisi/google.edu;00021405CA505395853F848AEA21FD164D63F865;Noelani Reyes
352;feugiat.lorem.ipsum/aol.com;000215533C346B61598C3850C2C885ED79762065;Sharon Vega
353;purus.mauris/protonmail.edu;0002169B80C4D371D4FB963819EF26024FD83F21;Barry Gilliam
354;consectetuer.mauris.id/google.com;00021AE7E11B2C70AB8BE5DA172DB25D13A91BD8;Abbot Mcconnell
355;lobortis/yahoo.couk;00021C8E36324F42A1FC99A126227082D1DF0EEF;Iris Rowe
356;amet.consectetuer.adipiscing/protonmail.couk;00021CA837BC223CEBC5AB2EC9F9E71E4D008596;Graham Smith
357;eu/aol.com;00021D3E4AE0658A067D8A6BD97B9B7CEBC0612F;Ora Bass
358;in.lobortis/aol.couk;00021F65B676C138980ADFA0BCE796F74417ECC6;Cora Gallegos
359;a.auctor/yahoo.ca;00021F8AC135C822667CD65F339B2726D062018A;Ross Avery
360;iaculis/outlook.couk;00021F8B5D53316216846FD10BDA345883828F10;Blake Montgomery
361;nisi.dictum/icloud.ca;000220578C0C8DA3C3A487CEA8D86AE9DCD571A7;Finn Weiss
362;egestas.blandit/icloud.couk;000221A5A39BE7CCC7F297637FC39A97F63D9899;Cynthia Glover
363;nisl.arcu/yahoo.org;000221B2A8782D318F8C8D38DD535D8B3F44FF9B;Natalie Levine
364;aliquam.iaculis/aol.ca;0002255222F15201A833F202CD588030A6B7918A;Medge Campos
365;et.euismod.et/hotmail.edu;000229FB861422FC2A561A74BE229AA371E47416;Rachel Guerrero
366;mi.lorem/icloud.com;00022B92EEA28A50930CFF63A016FD9BC9BC249C;Ryder Hogan
367;morbi/yahoo.org;00022C9F11B43EED2163AD57E9122A2F0A8D8B13;Autumn Vang
368;lacinia.at/icloud.com;00022CDB8267C95B36588D3DF0A11578089CE32E;Hedley Wilcox
369;primis.in.faucibus/outlook.com;0002303BA1F814952608416512DA54AC7E9624ED;Carson Carson
370;suscipit.nonummy.fusce/aol.couk;00023053F28246CC62665CE81B430DFDC99DAE02;Shafira Moreno
371;iaculis.nec/protonmail.com;0002309403FBF05506B5BA2443A79433961479AD;Stephen Lambert
372;lectus.cum.sociis/icloud.couk;000231231A1DA8989D8EA4688641B8EDD42F88AC;Trevor Becker
373;eros.non/hotmail.org;00023229C2F3D15E228F05C8B9A436217227A382;Mannix Schwartz
374;eget.metus/aol.org;000232738AC1C1D309A96ACE97065EF4E61310E9;Quinn Carpenter
375;non.lacinia/hotmail.net;00023280672A800609CE9E0BC093A163341A934C;Nehru Henderson
376;non/hotmail.ca;0002331E9C64B5272B266C95CDC51EA74F781CF8;Avram Rodriquez
377;ante.blandit/yahoo.com;000233A90579D75743C1DCF6B9E6851C668FF337;Declan Wade
378;elit.sed.consequat/icloud.com;0002340FBD2ADF3EFE32AA2104E2F15B9C48DDC2;Baxter Hardin
379;adipiscing.enim/outlook.net;00023993EFC56C33A3F97D768DAF4C5D94C2D9D0;Branden Britt
380;sit.amet/icloud.com;00023A1B4B563367139DD4BE6532D755DAFEF822;Carter Kane
381;massa.integer/protonmail.com;00023A6DC3815B54C88AF8040DD733CFE32C087D;Lionel Raymond
382;fusce.dolor/icloud.edu;00023A7BF6943D1665A92D97E94504F5F5B678BC;Abbot Manning
383;sed.turpis/yahoo.com;00023C3B42EEB7AE5860940442660B67FCC78084;Boris Pruitt
384;quis.pede/aol.net;00023CA6239B89B70C92BE84AEAA57DCADEBD1DF;Thaddeus Spence
385;felis.purus/aol.couk;00023CC3E7680890A193A5B0F64A852BBC92BAA5;Kennedy Ortiz
386;ac/outlook.edu;00023E631692BB1EF53F1C525ABEEC36D9E82D1B;Julian Gutierrez
387;consectetuer/hotmail.org;00023FA565270D055FFA55B71D0EE9102F478087;Nadine Cherry
388;consectetuer.adipiscing.elit/icloud.com;0002403AEA77CE92CFADAAEE8E0A58900822B3A0;Harlan Dudley
389;quis.pede @ protonmail.net;00024040B062851C9CA089D418A8EDF9E661FBAC;Xanthus Fleming
390;interdum.curabitur @ icloud.com;000241C9839D1493421CF838DEA62B056F102FE1;Geraldine Phelps
391;arcu.imperdiet @ google.net;00024294CE91FAAFB59A119923878934BD704EB3;Aimee Juarez
392;nec.tempus.scelerisque @ protonmail.edu;0002443D535472A5CD216FFC06B65EA8A1B4C11B;Hasad Bishop
393;mauris.nulla @ yahoo.ca;000246EFEADA3C1A1B25A5E43D0C24D54D62D2D0;Martin Moody
394;eu.arcu @ yahoo.net;00024740EB3C3ED13991A38B7554EAE8DFEC68DA;Cailin Pacheco
395;enim @ icloud.couk;000248B6D92356DDBF4A8342E69F1BBF46D41F71;Xanthus Holland
396;laoreet.posuere @ hotmail.ca;000249972D0C8545596C93686906A30B8C6EB5C9;Clarke Newton
397;viverra.maecenas @ outlook.org;000249EA7EF2C2116FFB12B5E70F2A933950E1D8;Christine Yates
398;ipsum.suspendisse @ aol.couk;00024A0D5468B28BC78E6D38CA03D70E0D899B15;Aidan Howell
399;orci.lobortis.augue @ yahoo.edu;00024AE9D9BFE4CDFCE2DD31C7FAC4E33FD9A210;Brandon Nash
400;turpis.in.condimentum @ protonmail.ca;00024B9F492E3A9DFD4503462ADA9110B8520FEC;Glenna Chandler
401;massa.rutrum @ google.org;00024C2263F7D6301295B8C1D82E05F1557E8DA5;Hedley Hudson
402;nec @ outlook.net;00024D0153C86058A59A5FBD5A2630EFBCD84C43;Wayne Garner
403;magnis @ yahoo.com;00024DD5B7C23CFAAFD33005C2508E61D2BF8397;September Walsh
404;ornare.lectus @ outlook.org;00024F836B0D32301B3982A0C2EE90FA4D689CE8;Renee Young
405;nullam.lobortis @ yahoo.couk;000250C5FE61AB0EBEDC08F4D584E7BFD6469CF3;Colt Mullen
406;donec.egestas @ yahoo.com;000250CA01EA58ECADAC93055E3869060DC01688;Rajah Benjamin
407;lectus.ante.dictum @ outlook.edu;000250CC6204DC22F0F77F4939DFB9A7E2F84CD2;Jorden Madden
408;quam.vel @ yahoo.edu;000250FC0659513C0E344250A8466EAB49E88BAE;Dara Knowles
409;enim @ protonmail.edu;00025166A4CBEDAA9521A7BD4999F66C7C35ED82;Cameron Rush
410;tempus.scelerisque.lorem @ protonmail.edu;000251F19D57CE65D47A42014238F3D6C6E623B8;Hadassah Deleon
411;nonummy.ut @ google.couk;00025316A23DBF9E2A662D7F160EABD0D51D28B5;Hyacinth Winters
412;inceptos.hymenaeos @ google.org;00025334AF799E666E06B881AD487309FE2E5496;Chase Combs
413;metus.in @ yahoo.net;00025401AB876168CAEAF2E26975851E751A5977;Rafael Beard
414;magna @ outlook.edu;000254530980D3430FEB13EC1251B9613578D069;Brennan Taylor
415;gravida.nunc.sed @ outlook.net;0002545B18A5147B395589956C1189BAF7E2D54B;Charlotte Campbell
416;feugiat @ protonmail.com;00025497CD232C334B41E0A600B6B965F363E9C0;Blaze Hays
417;nec @ icloud.net;0002554872A317810FD470E95B521B7B4EED4A2B;Candice Bond
418;neque.et @ outlook.com;000256DEE291FB7E8FEECBCEDEF6D2CFEC6D13B9;Craig Kaufman
419;blandit.at @ google.net;000258B30CF69B5483A46B8F78D1C0F5F0A9CF1B;Kiara Terry
420;vel @ aol.net;000258B5E355E48F8347AB17DECC1379A5DBEE7C;Chantale Benson
421;hymenaeos.mauris @ protonmail.ca;00025E0677547D5C9B2683A4ECEED08688684549;Idola Newman
422;sit.amet @ outlook.couk;00025E9EDE47A70904615DF174ACAF54998C661B;Sage Bowen
423;a.purus @ icloud.ca;00025EB65F869AADAA65F7D002DAAD5E8C5FCD63;Thaddeus Santana
424;ultrices @ protonmail.couk;00025ED403C7C85875EEDA3F5FE72B041224A32F;Callie Adkins
425;augue.ac.ipsum @ hotmail.net;00025F283EC03C27D3146B8D636D750936C22000;Coby Rhodes
426;nullam.lobortis @ icloud.org;0002619A5417C23A8A05428FC9010190AAFD3483;Malachi Pitts
427;ultricies.ornare.elit @ outlook.edu;000261A03237388879D0FD3F1449FE4168FCA69C;Hedley Barker
428;morbi @ protonmail.net;00026231DB34A3806D035C849A2A4A0BC2CC804F;Blaze Hobbs
429;arcu.iaculis @ aol.com;000263580D044B2192898605FC1A0BB106016162;Imelda Barry
430;nisl.maecenas.malesuada @ aol.net;000266755ADDCE1D7768826BB1B2B1CD11856891;Brock Farrell
431;pede.sagittis @ icloud.com;0002669F9ED5B65EEF2FA3062116E3A84B2174FC;Shellie Andrews
432;nibh.donec @ hotmail.edu;00026AFC350E302251298CB4C0B39F153DD5D851;Reed Tillman
433;risus.varius @ hotmail.org;00026C5F1833C41E93F70D217331833277C8CCD3;Connor Moses
434;dui @ google.net;00026F1863C53002E1B293AE3258A0823119AF19;Marsden Greene
435;nec.urna @ outlook.net;00026F668F9B49053A092890FF2810D81A1FC109;Sylvester Keller
436;lacus.nulla.tincidunt @ aol.org;00026FA8D93E9E2063147C2D4F1130135C5F6733;Armand Ball
437;mauris.sit @ yahoo.edu;00026FC861F5E6799BD5993E899C95142914B773;Dillon Brooks
438;vestibulum @ protonmail.ca;000270DD4D3D5E9FF9648B8A59A4FB0D39467BDF;Adele Morse
439;laoreet.ipsum @ yahoo.com;000272C3CDD9E5005C25847B47971723F014935E;Michael Dyer
440;velit.pellentesque @ hotmail.edu;0002731C68F8389FF1B108DECB19A7C83F5AE0D0;Mara Church
441;orci.lacus @ protonmail.com;000279235BF9A68C51B53380BB4B3D98DC6D33D2;Dale Silva
442;eu.metus @ hotmail.com;00027A6B36151B7A32603C17AD9155137B52CC0C;Sawyer Burnett
443;et.pede @ aol.net;00027BF051BA988EBF9A199F25F79FBC7DA967EB;Eve Kinney
444;sapien.imperdiet @ protonmail.couk;00027CA91ACBDCAE4053CFD4B6897B8A68689698;Blaze Hughes
445;phasellus.vitae.mauris @ google.ca;00027D9A6EA53491B25B308030929789D9D04B0B;Stone Fuller
446;ipsum @ aol.com;00027DB51A72424C2087FFE9A11B517B1DB6349A;Brody Clarke
447;urna.convallis @ icloud.edu;00027E8587CF5F5FF13DE93FAB3D32A68B116B5D;Judah Knowles
448;diam.nunc @ icloud.org;00027F9FF08A6FA57F0713DD1856F14FED23C139;Adara Juarez
449;massa.lobortis @ outlook.ca;00028049DE5302DA6A4AB3B5E31F01AADED3B369;Flavia Flynn
450;mauris.molestie.pharetra @ outlook.ca;000281AC0ED5CB32E0ED53EE1093C122DB4E69EF;Pandora Huber
451;dolor.nonummy @ yahoo.org;0002843DF5E879D27FB6D4D5C10C55265EC93EA3;Remedios Soto
452;vitae.aliquam @ yahoo.couk;00028453916A005365A6D69E0DBCDD3D09AA64D8;Dominique Velasquez
453;velit.cras @ protonmail.org;00028462E0AF8A2D9F056E1457B34175DB20463B;Tallulah Gonzalez
454;lacinia.mattis @ outlook.org;00028599130BDC2CCD52DB4EED25F28775DFC502;Virginia Copeland
455;dui.nec @ icloud.org;000288025990410328F0D3FD074C353897F204D9;Russell Walter
456;vitae.purus @ protonmail.edu;00028846EE4FB31ED2BECD63F278893B1BC300D1;Alvin Flynn
457;purus.nullam @ yahoo.edu;000288C2E3714066F9F08E9A2E0C0C7B6796E1EF;Vivien Graves
458;ut.molestie @ yahoo.com;00028947667BD7DF04747D68FBEA4BA72D4D6399;Glenna Patterson
459;orci.quis @ protonmail.net;00028A838081CE3FF58BEF1C84314EA6E9F53B10;Dorothy Cox
460;laoreet.posuere.enim @ hotmail.net;00028ABDD6F983B7415F0E0926B87265950DF3FC;Madonna Terry
461;pellentesque.habitant @ google.ca;00028C526AC68390497EBF601E349B8838D2D862;Lila Brady
462;habitant.morbi @ icloud.ca;00028D4BA4FF5A6BA6EA3B4A944667E2E25242A0;Ainsley Mccormick
463;eget @ protonmail.ca;00029297B7240CBC028EB17A8D69E3161C969596;Wilma Craig
464;sed.congue @ outlook.org;000294F68A51EC24319DB0A223871EC3786BDF77;Ryder Cash
465;morbi.vehicula @ aol.org;0002954BB5C74CD5B0B5C8190CECFFE11C4A3BE1;Calista Landry
466;vitae.velit @ aol.edu;00029771449D6ABAD95DC7AF2E981BE9FF203F78;Lucas Perkins
467;metus.vitae @ protonmail.ca;00029AAE07C87B8C53A71EF29AC16F29367BD0E8;Caesar Tyson
468;non.hendrerit @ google.edu;00029B9C0F5EC80068E225C25F681755F6AD7C57;Pascale Mccray
469;a.felis @ hotmail.net;00029BB8FCAA22D549DD3071B98278059C4145AA;Lucius Harding
470;ante.dictum @ hotmail.edu;00029CB736144BDED99C719C09B87FF651854153;Kylynn Gamble
471;tincidunt.nibh.phasellus @ protonmail.ca;00029DFE8E5B8134117C92896C65326FA324B1DF;Victoria Schmidt
472;magna @ protonmail.org;00029E5A6C70CAAFCB0E494DE4D5A4CBD7243459;Chelsea Ewing
473;arcu.nunc @ hotmail.net;00029F0831BBDC482EF80DFCE6A9BDF28934AC5C;Vance Hartman
474;ut.erat @ google.couk;00029F603EB8CE93C894A9DA05ADB19D9CD8B9A0;Fatima Bishop
475;aliquam.ornare @ google.couk;0002A547E789911247452A07C8DE6DD340BB6BAE;Armando Blevins
476;lorem @ aol.org;0002A613CC5135F5A9E51DEB089E88ECF8A85574;Hiram Brewer
477;odio @ google.com;0002A7F99BD6E7A52C467E8D185B751A9CFE6974;Hermione Short
478;laoreet.libero.et @ icloud.ca;0002A80DA18FCB8D168AE44814DD40725105815C;Armand Hull
479;cursus.integer @ yahoo.ca;0002A93215E23ECCD911E7F68CD1269F43205078;Aretha Mcknight
480;turpis.egestas @ google.edu;0002AEAC702A4E463F9E461B1A5B10DE9B5D7805;Marshall Patrick
481;donec.egestas @ outlook.edu;0002B06662BEF465AE62CD09A9363A1E8944D350;Germane Allen
482;nostra.per.inceptos @ icloud.com;0002B0BAFFD091A9EF418B91A12F0D795F62AAB7;Tatum Mcpherson
483;dui.lectus.rutrum @ google.ca;0002B0E5455FFCABCB744DE76CDE8389D79801F9;Jackson Ellis
484;suspendisse.sagittis.nullam @ google.net;0002B32C40620E0B2A822DAB2B66DF40473BF646;Nell Acosta
485;vitae @ icloud.net;0002B4266BA6C5E273916E9B1260AD753B147514;Trevor Hammond
486;bibendum @ outlook.com;0002B4F11C14C0DD78A846C3845B66F8BDF03A49;Naida Hewitt
487;non.massa.non @ protonmail.com;0002B6450F480E3D1EFA1A647C258B9CE726BA84;Thor Carver
488;tellus.eu.augue @ aol.ca;0002B7BB30C6E7DBB674BCB5B356BF2165940D11;Liberty Kirk
489;magna.malesuada @ google.org;0002B8AD483B023E4794D7C9B1AC4B9E7CA56BA2;Felicia Lawrence
490;lacus.vestibulum @ yahoo.net;0002B99EA4DEFC8CC147A840F648A374F03C69CD;Justina Hernandez
491;fringilla.porttitor.vulputate @ outlook.edu;0002BA0D6B32FB50D2A259C768A5F773427F8499;Wyoming Golden
492;molestie @ protonmail.com;0002BA28AF503D2BA3293477838402401D5E1D69;Warren Mcdonald
493;hendrerit.neque.in @ yahoo.couk;0002BCE58F2575B4A7421F26146CCFCB626D3FB0;Amanda Green
494;pede.et.risus @ yahoo.edu;0002BE6DF930426E005C32201785D1B78D77346B;Darrel Sutton
495;elit @ yahoo.net;0002C1A934A4451F79597EC3BD63916E135818E6;Callum Valenzuela
496;nibh.dolor @ protonmail.net;0002C7B0B51CC0311E07FC17E3904C012FAE260A;Jack Shepard
497;ut.nulla.cras @ hotmail.com;0002C7F38C7F268E1D766465F055A313710DADAA;Lars Lara
498;nonummy.fusce @ icloud.edu;0002C9DF5262A350B063266ADDC109A3D906316E;Vance Schneider
499;tincidunt.nibh @ yahoo.edu;0002CBA24676E184171EA1B304F8FF4A8ADE44B7;Oleg Knowles
500;et.arcu @ protonmail.com;0002CEBCABCA4A18ECE2CF4D6042FD317E0B9C26;Sarah Norman
